{
  "test_tarihi": "2025-08-11 19:21:36",
  "toplam_test_sayisi": 27,
  "hedef_sayisi": 3,
  "model_sayisi": 3,
  "ozellik_grup_sayisi": 3,
  "en_iyi_modeller": {
    "Total Waste (Tons)": {
      "model_name": "Gradient Boosting",
      "feature_group": "Core + Trends",
      "test_r2": 0.9598118888168413,
      "cv_r2": 0.9565637219189218,
      "overfitting_score": 0.008005862267479852,
      "feature_count": 10
    },
    "Economic Loss (Million $)": {
      "model_name": "Gradient Boosting",
      "feature_group": "Core + Efficiency",
      "test_r2": 0.9552559704950369,
      "cv_r2": 0.9547388672800914,
      "overfitting_score": 0.011559325018405415,
      "feature_count": 10
    },
    "Carbon_Footprint_kgCO2e": {
      "model_name": "Gradient Boosting",
      "feature_group": "Core + Trends",
      "test_r2": 0.9597972103865631,
      "cv_r2": 0.9565744365807255,
      "overfitting_score": 0.008021032861640109,
      "feature_count": 10
    }
  },
  "genel_istatistikler": {
    "ortalama_test_r2": 0.9247142097992842,
    "en_yuksek_test_r2": 0.9598118888168413,
    "ortalama_overfitting": 0.007804382697292952,
    "en_dusuk_overfitting": 0.005014922376337905
  },
  "en_iyi_ozellik_gruplari": {
    "Core + Trends": 0.9269820779415929,
    "Core + Efficiency": 0.9238126341157236,
    "Core Features": 0.9233479173405361
  },
  "en_iyi_model_turleri": {
    "Gradient Boosting": 0.957006701427496,
    "Random Forest": 0.9376518573104412,
    "Linear Regression": 0.8794840706599154
  }
}