{
  "Fruits & Vegetables": {
    "total_waste": 15522081.2,
    "economic_loss": 15622033.18,
    "carbon_footprint": 15522081200.0,
    "avg_sustainability": 82.98744391334073,
    "country_count": 20,
    "year_count": 7
  },
  "Prepared Food": {
    "total_waste": 17929317.919999998,
    "economic_loss": 17878643.94,
    "carbon_footprint": 17929317920.0,
    "avg_sustainability": 82.67015424008473,
    "country_count": 20,
    "year_count": 7
  },
  "Dairy Products": {
    "total_waste": 15292167.33,
    "economic_loss": 15223458.7,
    "carbon_footprint": 15292167330.0,
    "avg_sustainability": 83.5223665010944,
    "country_count": 20,
    "year_count": 7
  },
  "Beverages": {
    "total_waste": 16354455.29,
    "economic_loss": 16331179.83,
    "carbon_footprint": 16354455290.0,
    "avg_sustainability": 83.84711403428507,
    "country_count": 20,
    "year_count": 7
  },
  "Meat & Seafood": {
    "total_waste": 15371347.52,
    "economic_loss": 15352228.39,
    "carbon_footprint": 15371347520.0,
    "avg_sustainability": 84.11845644635963,
    "country_count": 20,
    "year_count": 7
  },
  "Grains & Cereals": {
    "total_waste": 14206460.57,
    "economic_loss": 14073418.43,
    "carbon_footprint": 14206460570.0,
    "avg_sustainability": 84.5399702271396,
    "country_count": 20,
    "year_count": 7
  },
  "Frozen Food": {
    "total_waste": 15045115.02,
    "economic_loss": 15180582.95,
    "carbon_footprint": 15045115020.0,
    "avg_sustainability": 86.10171517304856,
    "country_count": 20,
    "year_count": 7
  },
  "Bakery Items": {
    "total_waste": 15587955.510000002,
    "economic_loss": 15536973.93,
    "carbon_footprint": 15587955510.0,
    "avg_sustainability": 83.84359869687378,
    "country_count": 20,
    "year_count": 7
  }
}