{
  "model_type": "GradientBoosting",
  "selection_criteria": "Model Karşılaştırma Winner + CV R² + Overfitting Control",
  "train_test_split": "80/20",
  "cv_folds": 3,
  "targets": {
    "Total Waste (Tons)": {
      "train_r2": 0.9676042296911622,
      "test_r2": 0.9608592130300969,
      "cv_r2": 0.9581687521542678,
      "train_rmse": 2542.2156649635067,
      "test_rmse": 2910.1460815285154,
      "train_mae": 1839.443842347871,
      "test_mae": 2052.656746292877,
      "mape": 10.230777869398093,
      "overfitting_score": 0.006970842400626691,
      "model_params": "{'alpha': 0.9, 'ccp_alpha': 0.0, 'criterion': 'friedman_mse', 'init': None, 'learning_rate': 0.05, 'loss': 'squared_error', 'max_depth': 4, 'max_features': None, 'max_leaf_nodes': None, 'min_impurity_decrease': 0.0, 'min_samples_leaf': 1, 'min_samples_split': 2, 'min_weight_fraction_leaf': 0.0, 'n_estimators': 100, 'n_iter_no_change': None, 'random_state': 42, 'subsample': 0.8, 'tol': 0.0001, 'validation_fraction': 0.1, 'verbose': 0, 'warm_start': False}",
      "feature_importance": {
        "Category_Waste_Share": 0.910926544558418,
        "Waste_Efficiency": 0.020392440887830515,
        "Population (Million)": 0.01959704679529882,
        "Category_Economic_Share": 0.01872853110874154,
        "Carbon_Per_Capita_kgCO2e": 0.014039153379319554
      }
    },
    "Economic Loss (Million $)": {
      "train_r2": 0.9679838827440529,
      "test_r2": 0.9591369044214947,
      "cv_r2": 0.9568349672389019,
      "train_rmse": 2594.6293366486852,
      "test_rmse": 3048.228832454857,
      "train_mae": 1874.4741624283624,
      "test_mae": 2169.305277433157,
      "mape": 10.723048491346777,
      "overfitting_score": 0.009139592496191938,
      "model_params": "{'alpha': 0.9, 'ccp_alpha': 0.0, 'criterion': 'friedman_mse', 'init': None, 'learning_rate': 0.05, 'loss': 'squared_error', 'max_depth': 4, 'max_features': None, 'max_leaf_nodes': None, 'min_impurity_decrease': 0.0, 'min_samples_leaf': 1, 'min_samples_split': 2, 'min_weight_fraction_leaf': 0.0, 'n_estimators': 100, 'n_iter_no_change': None, 'random_state': 42, 'subsample': 0.8, 'tol': 0.0001, 'validation_fraction': 0.1, 'verbose': 0, 'warm_start': False}",
      "feature_importance": {
        "Category_Economic_Share": 0.9193132666364306,
        "Population (Million)": 0.01821596747214684,
        "Economic_Loss_Per_Capita_USD": 0.01474332927047306,
        "GDP_Per_Capita_Proxy": 0.014091671519738332,
        "Economic_Intensity": 0.010518486064083699
      }
    },
    "Carbon_Footprint_kgCO2e": {
      "train_r2": 0.967604443325761,
      "test_r2": 0.9608875677582646,
      "cv_r2": 0.9582960072502192,
      "train_rmse": 6355518.206504892,
      "test_rmse": 7272729.482965984,
      "train_mae": 4598729.123159398,
      "test_mae": 5131375.124379786,
      "mape": 10.230146659668467,
      "overfitting_score": 0.006941757599822761,
      "model_params": "{'alpha': 0.9, 'ccp_alpha': 0.0, 'criterion': 'friedman_mse', 'init': None, 'learning_rate': 0.05, 'loss': 'squared_error', 'max_depth': 4, 'max_features': None, 'max_leaf_nodes': None, 'min_impurity_decrease': 0.0, 'min_samples_leaf': 1, 'min_samples_split': 2, 'min_weight_fraction_leaf': 0.0, 'n_estimators': 100, 'n_iter_no_change': None, 'random_state': 42, 'subsample': 0.8, 'tol': 0.0001, 'validation_fraction': 0.1, 'verbose': 0, 'warm_start': False}",
      "feature_importance": {
        "Category_Waste_Share": 0.9109266106589622,
        "Waste_Efficiency": 0.020345352641957547,
        "Population (Million)": 0.019591420595580573,
        "Category_Economic_Share": 0.018723620593866272,
        "Carbon_Per_Capita_kgCO2e": 0.014075405088030282
      }
    }
  },
  "average_test_r2": 0.9602945617366188,
  "average_cv_r2": 0.9577665755477963,
  "average_overfitting": 0.00768406416554713,
  "feature_selection": "All engineered features (Model karşılaştırma optimized)",
  "model_details": {
    "Total Waste (Tons)": "GradientBoostingRegressor - CV R²: 0.9582",
    "Economic Loss (Million $)": "GradientBoostingRegressor - CV R²: 0.9568",
    "Carbon_Footprint_kgCO2e": "GradientBoostingRegressor - CV R²: 0.9583"
  },
  "data_preprocessing": "Standard scaling, outlier handling",
  "validation_strategy": "Train-Test Split + Cross-Validation",
  "hyperparameter_tuning": "Model karşılaştırma optimized settings",
  "ensemble_method": "Gradient Boosting (Model karşılaştırma winner)",
  "performance_summary": {
    "best_performing_target": "Carbon_Footprint_kgCO2e",
    "most_challenging_target": "Economic Loss (Million $)",
    "overall_model_quality": "Good",
    "generalization_capability": "High",
    "recommendation": "Production Ready"
  },
  "model_interpretability": {
    "shap_analysis": "Available",
    "feature_importance": "Computed",
    "permutation_importance": "Available"
  },
  "data_quality": {
    "total_samples": 5000,
    "feature_count": 27,
    "missing_data_handling": "Imputation",
    "outlier_handling": "Conservative approach",
    "encoding_method": "Label Encoding"
  },
  "created_at": "2025-08-25 14:53:58",
  "last_updated": "2025-08-25 14:53:58",
  "version": "3.0"
}